,TEST ID,TEST CASE,PRE-CONDITIONS,PRECEDENCE,COMPLEXITY,H,L,M,PRECON_COUNT,WEIGHTAGE
0,LOAD_001,Test Page load functionality through URL,None,H,8,1,0,0,12,103.2
1,LOAD_002,Test Page Reload without crashes,None,H,3,1,0,0,0,2.7
2,LOAD_003,Test 404 Error for Invalid URL in domain,None,L,3,0,1,0,0,0.30000000000000004
3,SELECT_CITY_001,Test City Choice using Icons,LOAD_001,M,6,0,0,1,1,9.0
4,SELECT_CITY_002,Test Search City using Search Bar,LOAD_001,M,5,0,0,1,1,7.5
5,SELECT_CITY_003,Test City Choice from Region List,LOAD_001,H,4,1,0,0,1,7.6
6,HOME_001,Test load of Home Page,LOAD_001,H,9,1,0,0,16,152.1
7,HOME_002,Test load of Home Page after City Icon Choice,SELECT_CITY_001,M,6,0,0,1,0,3.0
8,HOME_003,Test load of Home Page after City Search Choice,SELECT_CITY_002,M,6,0,0,1,0,3.0
9,HOME_004,Test load of Home Page after Region List Choice,SELECT_CITY_003,M,5,0,0,1,0,2.5
10,HOME_005,Test Return to Home Page on Logo Click,HOME_001,L,2,0,1,0,0,0.2
11,SIGN_IN_001,Check initiation of Sign In,HOME_001,H,3,1,0,0,6,20.700000000000003
12,LOGIN_001,Test Login functionality,SIGN_IN_001,H,8,1,0,0,0,7.2
13,LOGIN_002,Test Login API,SIGN_IN_001,M,8,0,0,1,0,4.0
14,SIGN_UP_001,Check switch to Sign Up button,SIGN_IN_001,M,2,0,0,1,2,5.0
15,SIGN_UP_002,Test Sign Up functionality,SIGN_UP_001,H,8,1,0,0,0,7.2
16,SIGN_UP_003,Test Sign Up API Integration,SIGN_UP_001,M,8,0,0,1,0,4.0
17,LOGIN_003,Check switch to Login Button,SIGN_IN_001,L,2,0,1,0,0,0.2
18,SEARCHBAR_001,Check Input of Searchbar,HOME_001,H,3,1,0,0,5,17.700000000000003
19,SEARCHBAR_002,Check Return back to Home,SEARCHBAR_001,M,2,0,0,1,0,1.0
20,SEARCHBAR_003,Test Search Functionality,SEARCHBAR_001,H,10,1,0,0,0,9.0
21,CATEGORY_001,Test Choose Category Functionality,HOME_001,M,6,0,0,1,3,21.0
22,HOME_006,Test load of Home Page after Category choice,CATEGORY_001,M,3,0,0,1,0,1.5
23,CATEGORY_002,Test Category change while search,SEARCHBAR_001,M,7,0,0,1,0,3.5
24,SEARCHBAR_004,Test Search Results based on chosen Category,CATEGORY_001,M,3,0,0,1,0,1.5
25,RECOMMEND_001,Check Recommended list while Search,SEARCHBAR_001,M,7,0,0,1,1,10.5
26,RECOMMEND_002,Test change of Recommendation after Category,CATEGORY_001,L,8,0,1,0,0,0.8
27,RECOMMEND_003,Test Filters in Recommended list,RECOMMEND_001,L,5,0,1,0,0,0.5
28,MOVIE_LOAD_001,Test load page for Particular Movie,None,H,6,1,0,0,3,23.4
29,MOVIE_DETAILS_001,Check view of Details of a Movie,MOVIE_LOAD_001,M,2,0,0,1,0,1.0
30,MOVIE_DETAILS_002,Check view of Rating of a Movie,MOVIE_LOAD_001,M,2,0,0,1,0,1.0
31,BOOK_TICKETS_001,Test Book Ticket button Functionality,MOVIE_LOAD_001,M,4,0,0,1,0,2.0
32,BOOK_LOAD_001,Test load Page for booking ticket,None,M,7,0,0,1,3,24.5
33,BOOK_DATE_001,Test Date Choice for show,BOOK_LOAD_001,H,6,1,0,0,0,5.4
34,SHOWTIME_001,Check view of Showtimes & Cinema,BOOK_LOAD_001,M,4,0,0,1,2,10.0
35,SHOWTIME_002,Test Choice of Showtime,SHOWTIME_001,H,6,1,0,0,3,23.4
36,SEATS_001,Test choice of Number of Seats,SHOWTIME_002,L,3,0,1,0,3,9.3
37,SEATS_002,Check view of seat layout,SEATS_001,H,9,1,0,0,2,26.099999999999998
38,SEATS_003,Test choose seat from layout,SEATS_002,H,10,1,0,0,2,29.0
39,SEATS_004,Test lock of chosen seats,SEATS_001,H,10,1,0,0,0,9.0
40,PAY_BUTTON_001,Check display of Pay button ,SEATS_003,L,1,0,1,0,3,3.1
41,PAY_BUTTON_002,Test Pay button functionality,PAY_BUTTON_001,M,4,0,0,1,13,54.0
42,PAY_INIT_001,Check load of Payment page,PAY_BUTTON_002,H,9,1,0,0,22,206.1
43,SHOWTIME_003,Test display of Showtime selected,PAY_INIT_001,L,2,0,1,0,0,0.2
44,TICKET_DETAILS_001,Test dispaly of Ticket Details,PAY_INIT_001,L,3,0,1,0,0,0.30000000000000004
45,TICKET_AMOUNT_001,Test display of Payable amount,PAY_INIT_001,M,4,0,0,1,0,2.0
46,CONTACT_001,Test input of contact details,PAY_INIT_001,H,6,1,0,0,0,5.4
47,PAYMENT_OPT_001,Test display of Payment methods,PAY_INIT_001,M,4,0,0,1,0,2.0
48,PAYMENT_OPT_002,Test choice of Payment method,PAY_INIT_001,M,6,0,0,1,0,3.0
49,PAYMENT_OPT_003,Test display of Options based on method,PAY_INIT_001,M,4,0,0,1,15,62.0
50,CARD_001,Test input of Card Details,PAYMENT_OPT_003,M,5,0,0,1,0,2.5
51,CARD_001,Check Make Payment button function,PAYMENT_OPT_003,H,6,1,0,0,0,5.4
52,NET_BANK_001,Test display of Bank Options,PAYMENT_OPT_003,M,3,0,0,1,0,1.5
53,NET_BANK_002,Test make choice of Bank from icon,PAYMENT_OPT_003,M,6,0,0,1,0,3.0
54,NET_BANK_003,Test make choice of Bank from list,PAYMENT_OPT_003,M,5,0,0,1,0,2.5
55,NET_BANK_004,Check Make Payment button function,PAYMENT_OPT_003,H,5,1,0,0,0,4.5
56,MOB_WALLET_001,Check dispaly of mobile wallet options,PAYMENT_OPT_003,M,3,0,0,1,0,1.5
57,MOB_WALLET_002,Test make choice of Wallet option,PAYMENT_OPT_003,H,5,1,0,0,2,14.5
58,MOB_WALLET_003,Check code display,MOB_WALLET_002,L,6,0,1,0,0,0.6000000000000001
59,MOB_WALLET_004,Check Make Payment button function,MOB_WALLET_002,H,4,1,0,0,0,3.6
60,VOUCHER_001,Test Voucher input,PAYMENT_OPT_003,M,5,0,0,1,0,2.5
61,VOUCHER_002,Check Apply button,PAYMENT_OPT_003,M,2,0,0,1,0,1.0
62,VOUCHER_003,Check if voucher has been applied,VOUCHER_003,M,5,0,0,1,2,12.5
63,UPI_001,Check display of UPI options,PAYMENT_OPT_003,L,3,0,1,0,6,18.299999999999997
64,UPI_002,Test choose of UPI option,UPI_001,H,6,1,0,0,4,29.400000000000002
65,UPI_003,Test choice of Other UPI option,UPI_001,M,4,0,0,1,0,2.0
66,UPI_004,Test Input of Mobile Number,UPI_002,H,5,1,0,0,0,4.5
67,UPI_005,Test Input of UPI ID,UPI_002,H,5,1,0,0,0,4.5
68,UPI_006,Test Input of Bank Name,UPI_002,H,4,1,0,0,0,3.6
69,UPI_007,Check Make Payment button function,UPI_002,H,5,1,0,0,0,4.5
70,PAY_INIT_002,Test payment initiation,PAY_BUTTON_002,H,9,1,0,0,6,62.1
71,PAY_PORTAL_001,Test load of Payment Portal Page,PAY_INIT_002,H,8,1,0,0,0,7.2
72,PAY_PORTAL_002,Test Transaction confirmation,PAY_INIT_002,H,10,1,0,0,6,69.0
73,PAY_PORTAL_003,Test redirect to Confirmation Page,PAY_PORTAL_002,H,8,1,0,0,8,71.2
74,PAY_PORTAL_004,Test redirect on cancelled transaction,PAY_PORTAL_002,M,7,0,0,1,0,3.5
75,CONFIRM_001,Test load of Confirmation Page,PAY_PORTAL_003,M,5,0,0,1,6,32.5
76,CONFIRM_002,Check confirmed movie details display,CONFIRM_001,H,7,1,0,0,0,6.3
77,CONFIRM_003,Check confirmed showtime display,CONFIRM_001,H,4,1,0,0,0,3.6
78,CONFIRM_004,Check confirmed tickets display,CONFIRM_001,H,5,1,0,0,0,4.5
79,CONFIRM_005,Check QR code generation,CONFIRM_001,M,4,0,0,1,0,2.0
80,CONFIRM_006,Check QR code display,CONFIRM_001,M,1,0,0,1,0,0.5
81,CONFIRM_007,Check confirmed Booking ID display,CONFIRM_001,M,7,0,0,1,0,3.5
82,CONFIRM_008,Test Mail of confirmation,PAY_PORTAL_002,M,6,0,0,1,0,3.0
83,CONFIRM_009,Test SMS of confirmation,PAY_PORTAL_002,M,6,0,0,1,0,3.0
84,SESSION_001,Check display of Session Timer,PAY_INIT_001,L,2,0,1,0,1,2.2
85,SESSION_002,Test Session Timeout,PAY_INIT_001,M,3,0,0,1,2,7.5
86,SESSION_003,Check display of Timeout Message,SESSION_002,M,1,0,0,1,1,1.5
87,SESSION_004,Test Start Again button function,SESSION_003,M,3,0,0,1,0,1.5
88,SESSION_005,Test Timer reset,SESSION_001,M,3,0,0,1,0,1.5
89,EVENT_DETAIL_001,Test load of Page for particular event,None,H,6,1,0,0,4,29.400000000000002
90,EVENT_DETAIL_002,Check view of Event details,EVENT_DETAIL_001,M,3,0,0,1,0,1.5
91,EVENT_DETAIL_003,Test Event venue map function,EVENT_DETAIL_001,L,6,0,1,0,0,0.6000000000000001
92,EVENT_DETAIL_004,Test Book button Functionality,EVENT_DETAIL_001,L,7,0,1,0,3,21.7
93,BOOK_EVENT_001,Check view of Event time,EVENT_DETAIL_004,M,2,0,0,1,3,7.0
94,BOOK_EVENT_002,Check view of Ticket prices,BOOK_EVENT_001,M,3,0,0,1,0,1.5
95,BOOK_EVENT_003,Test Add & Remove person functionality,BOOK_EVENT_001,M,4,0,0,1,2,10.0
96,BOOK_EVENT_004,Test choice of seats,BOOK_EVENT_003,H,10,1,0,0,1,19.0
97,EVENT_CONFIRM_001,Test transfer to Payment Init,BOOK_EVENT_004,H,6,1,0,0,0,5.4
98,EVENT_CONFIRM_002,Test transfer to Confirmation Page after payment,PAY_PORTAL_003,H,7,1,0,0,0,6.3
99,HELP_001,Test help link functionality,HOME_001,L,2,0,1,0,0,0.2
